time_step;susceptible;believer;informed
1;187;6;7
2;178;6;16
2;170;6;24
3;159;7;34
4;156;7;37
5;145;7;48
6;141;7;52
7;135;7;58
8;129;8;63
9;121;10;69
10;118;10;72
11;117;10;73
12;113;10;77
13;111;10;79
14;104;13;83
15;100;15;85
16;99;15;86
17;96;18;86
18;94;18;88
19;91;19;90
20;89;19;92
21;86;20;94
22;85;20;95
23;83;22;95
24;81;23;96
25;80;23;97
26;79;24;97
27;78;25;97
28;77;25;98
29;77;25;98
30;77;25;98
31;77;25;98
32;77;25;98
33;77;25;98
34;75;27;98
35;75;27;98
36;75;27;98
37;74;28;98
38;73;29;98
39;72;29;99
40;71;30;99
41;71;30;99
42;71;30;99
43;70;31;99
44;69;32;99
45;67;33;100
46;66;34;100
47;66;34;100
48;66;34;100
49;66;34;100
50;65;35;100
51;65;35;100
52;63;37;100
53;62;37;101
54;62;37;101
55;62;37;101
56;61;38;101
57;61;38;101
58;61;38;101
59;61;38;101
60;61;38;101
